{"ds_size": 78290, "ds_faulty_n": 308, "ds_faulty_percent": 0.003934091199386895, "recall": 0.987012987012987, "tnr": 0.998384242517504, "certainity": 0.834678758462128}